Theresa,May:,Trump,told,me,to,sue,the,EU
Theresa,May:,Five,things,from,her,Andrew,Marr,show,interview
World,Cup,2018:,France,beat,Croatia,4-2,in,World,Cup,final
Thomas,Channon,is,third,British,tourist,to,die,at,Magaluf,block
Donald,Trump:,European,Union,is,a,foe,on,trade
Trump-Putin,Talks,Are,Set,to,Ease,Russia's,Isolation
Russian,Agency,at,Center,of,Hacking,Indictment,Long,Operated,in,Shadows
Truce,Called,After,Israel,Strikes,Gaza,Over,"Rockets,",Arson
British,Leader's,Brexit,Plan,Imperiled,by,Conservative,Hardliners
In,"Mexico,",Pompeo,Delegation,Discusses,"Immigration,","Trade,",Security
World,"Cup,","Trump,",Putin:,Your,Weekend,Briefing
Asia,and,Australia,Edition:,World,"Cup,",Vladimir,"Putin,",Pakistan:,Your,Monday,Briefing
News,Analysis:,Just,Sitting,Down,With,"Trump,",Putin,Comes,Out,Ahead
On,Eve,of,"Talks,",Trump,Congratulates,Putin,and,Calls,E.U.,a,Trade,‘Foe’
Man,Arrested,After,Paraglider,Unfurls,Anti-Trump,Banner,at,Scotland,Resort
France,lifts,second,World,Cup,after,classic,final
Syrian,forces,widen,south,west,"offensive,",some,rebels,leave,for,north
Syrian,state,media:,Israeli,rockets,strike,military,position,near,Aleppo
Anti-Kremlin,protesters,invade,pitch,during,World,Cup,final
Ruthless,Djokovic,outplays,Anderson,to,end,title,drought
